StudentID,Name,Gender,Age,GradeLevel,GPA,MathScore,EnglishScore,ScienceScore,AttendanceRate,BehaviorNotes,ParentalSupport,City,SchoolName,RegisteredDate
S1000,Reem Aldosari,M,16,12,2.93,70.0,65.0,70.0,98.6,bad,N,Riyadh,Bright academy,2021-05-30
S1001,Khalid Alsubaie,M,18,10,2.77,73.0,85.0,100.0,86.5,Unknown,Y,Dammam,Bright Academy,2021-06-08
S1002,Layla Almutairi,F,16,10,3.0,80.0,65.0,50.0,100.0,Excellent,Y,Riyadh,Bright Academy,2021-10-06
S1003,Omar Alshammari,M,16,11,3.3,70.0,75.0,60.0,87.0,Unknown,Y,Riyadh,Future School,2023-03-27
S1004,Khalid Alzahrani,F,16,11,2.28,80.0,75.0,70.0,84.2,Unknown,Y,Riyadh,Bright Academy,2022-02-08
S1005,Lama Alharbi,F,18,11,1.85,80.0,85.0,70.0,84.4,Excellent,N,Jeddah,Future  School,2023-06-12
S1006,Nora Alshammari,F,16,12,2.72,80.0,75.0,60.0,74.3,Needs Improvement,N,Riyadh,Bright Academy,2022-11-09
S1007,Lama Alghamdi,F,15,12,2.39,70.0,75.0,60.0,96.7,Unknown,Y,Jeddah,Bright academy,2021-11-07
S1008,Sara Alsubaie,F,17,12,2.75,70.0,75.0,50.0,73.7,bad,N,Jeddah,Future School,2021-03-09
S1009,Ali Alshammari,M,18,11,2.93,80.0,85.0,60.0,79.7,Needs Improvement,Y,Jeddah,Bright Academy,2022-04-08
S1010,Khalid Alghamdi,M,15,10,2.77,70.0,65.0,50.0,71.2,Average,N,Riyadh,Bright Academy,2021-03-29
S1011,Khalid Alsubaie,M,16,12,3.73,60.0,65.0,70.0,91.1,Unknown,Y,Riyadh,Future  School,2021-08-05
S1012,Ali Alshehri,M,15,10,3.16,90.0,68.0,50.0,90.5,bad,Y,Dammam,Future School,2021-01-01
S1013,Nora Alghamdi,M,16,11,3.15,90.0,75.0,50.0,88.7,Unknown,N,Dammam,Future  School,2021-05-15
S1014,Layla Alzahrani,M,16,10,3.31,70.0,75.0,70.0,81.6,Average,N,Riyadh,Future School,2022-11-28
S1015,Lama Alzahrani,F,17,11,2.43,60.0,55.0,70.0,80.3,Needs Improvement,Y,Riyadh,Bright academy,2021-12-17
S1016,Sara Alshammari,M,17,10,3.52,70.0,75.0,80.0,96.6,Unknown,Y,Jeddah,Future School,2021-05-20
S1017,Lama Alsubaie,M,17,11,2.96,80.0,65.0,70.0,86.5,Excellent,N,Jeddah,Future School,2022-09-10
S1018,Lama Alsubaie,M,16,11,3.34,90.0,55.0,60.0,95.2,Excellent,Y,Riyadh,Bright academy,2021-05-13
S1019,Ali Almutairi,F,18,10,2.46,60.0,70.0,80.0,83.1,bad,Y,Jeddah,Future  School,2022-09-12
S1020,Khalid Almutairi,F,16,11,2.22,60.0,55.0,70.0,93.8,Excellent,Y,Jeddah,Future  School,2021-06-27
S1021,Faisal Alshehri,F,16,12,3.41,90.0,55.0,50.0,100.0,Average,N,Jeddah,Bright academy,2023-03-21
S1022,Layla Aldosari,M,17,12,3.19,70.0,75.0,70.0,97.9,Excellent,Y,Dammam,Future  School,2021-12-24
S1023,Omar Alotaibi,M,15,11,2.55,70.0,75.0,100.0,87.9,Good,Y,Riyadh,Future School,2022-01-15
S1024,Khalid Alsubaie,M,17,10,2.57,80.0,68.0,60.0,94.6,Needs Improvement,Y,Riyadh,Future School,2023-06-27
S1025,Lama Alotaibi,M,16,11,3.56,60.0,75.0,60.0,89.6,bad,N,Dammam,Bright Academy,2023-05-21
S1026,Sara Alshammari,M,17,11,2.41,80.0,65.0,50.0,92.1,Good,N,Dammam,Future School,2022-10-20
S1027,Reem Aldosari,F,15,10,3.82,60.0,55.0,50.0,88.7,Excellent,Y,Jeddah,Bright academy,2022-03-26
S1028,Reem Alotaibi,F,15,11,2.55,70.0,55.0,60.0,90.4,Excellent,Y,Jeddah,Bright Academy,2022-08-09
S1029,Lama Alharbi,M,18,11,3.32,80.0,75.0,70.0,94.1,Excellent,Y,Riyadh,Bright academy,2022-04-08
S1030,Nora Alshammari,F,16,11,2.84,70.0,65.0,50.0,82.1,bad,N,Riyadh,Future School,2023-09-17
S1031,Nora Alshehri,F,18,10,3.3,80.0,85.0,100.0,81.8,Excellent,Y,Riyadh,Future School,2021-04-18
S1032,Faisal Alsubaie,M,16,10,2.73,80.0,75.0,80.0,78.1,bad,Y,Riyadh,Bright Academy,2021-05-02
S1033,Layla Alshammari,F,17,11,2.92,70.0,70.0,70.0,76.0,Needs Improvement,N,Riyadh,Future  School,2021-01-17
S1034,Nora Aldosari,F,17,12,3.02,60.0,65.0,80.0,79.8,Needs Improvement,Y,Riyadh,Future  School,2021-07-15
S1035,Sara Almutairi,M,17,10,2.5,70.0,70.0,50.0,93.6,Unknown,N,Riyadh,Future School,2021-11-23
S1036,Khalid Aldosari,M,16,12,3.37,70.0,65.0,60.0,83.1,Average,N,Riyadh,Future School,2021-11-14
S1037,Khalid Alshammari,F,16,12,2.74,60.0,65.0,70.0,97.1,bad,N,Riyadh,Bright academy,2023-03-20
S1038,Lama Almutairi,M,15,11,2.89,70.0,55.0,80.0,92.3,Good,N,Jeddah,Future  School,2022-04-24
S1039,Khalid Alotaibi,F,16,10,2.5,70.0,55.0,80.0,72.3,bad,N,Jeddah,Future School,2021-09-09
S1040,Layla Alqahtani,M,17,10,1.72,80.0,75.0,60.0,98.5,Unknown,N,Jeddah,Bright Academy,2022-05-18
S1041,Reem Alharbi,M,16,11,2.9,80.0,65.0,100.0,100.0,Unknown,N,Jeddah,Bright academy,2023-09-26
S1042,Ahmed Alshehri,M,18,12,4.21,80.0,55.0,50.0,82.1,Unknown,N,Jeddah,Future  School,2021-04-29
S1043,Faisal Alzahrani,F,17,12,3.39,73.0,75.0,80.0,96.2,Excellent,N,Riyadh,Future School,2022-11-05
S1044,Faisal Almutairi,F,17,10,2.99,60.0,65.0,100.0,83.4,Excellent,N,Riyadh,Bright Academy,2022-12-11
S1045,Faisal Alqahtani,F,17,11,2.87,80.0,75.0,50.0,93.0,bad,N,Riyadh,Bright academy,2022-05-13
S1046,Ali Aldosari,M,16,11,3.01,70.0,65.0,70.0,79.4,Needs Improvement,N,Jeddah,Future School,2022-05-01
S1047,Ahmed Alghamdi,F,16,12,3.27,73.0,75.0,68.0,74.1,Needs Improvement,Y,Riyadh,Bright academy,2021-02-14
S1048,Omar Alzahrani,F,17,10,2.41,80.0,75.0,60.0,88.2,Unknown,Y,Riyadh,Future  School,2021-11-10
S1049,Lama Alshammari,M,17,12,3.56,80.0,65.0,70.0,90.8,Good,N,Jeddah,Future  School,2021-06-28
S1050,Lama Alshammari,M,15,12,3.36,70.0,65.0,70.0,88.0,Average,N,Jeddah,Future  School,2023-06-13
S1051,Reem Alqahtani,M,16,10,3.36,60.0,65.0,100.0,80.2,Needs Improvement,Y,Jeddah,Future  School,2022-02-22
S1052,Lama Alghamdi,F,16,11,3.22,80.0,75.0,70.0,88.0,bad,Y,Dammam,Bright academy,2022-07-10
S1053,Omar Alqahtani,M,18,12,3.01,80.0,65.0,60.0,94.7,bad,N,Jeddah,Future  School,2023-02-22
S1054,Nora Almutairi,M,17,11,3.34,80.0,55.0,80.0,91.6,Average,Y,Jeddah,Future School,2021-03-19
S1055,Khalid Alshammari,M,16,11,3.3,80.0,55.0,100.0,93.8,Good,N,Jeddah,Bright academy,2021-11-22
S1056,Reem Alzahrani,F,16,10,2.82,80.0,65.0,68.0,85.3,Average,Y,Jeddah,Bright Academy,2022-11-21
S1057,Layla Aldosari,F,15,11,2.71,70.0,65.0,100.0,100.0,Average,Y,Riyadh,Future School,2021-12-23
S1058,Khalid Alharbi,F,16,11,3.05,60.0,75.0,50.0,80.2,Good,Y,Jeddah,Bright academy,2022-02-20
S1059,Ali Alqahtani,M,15,11,3.77,80.0,55.0,80.0,96.9,Average,Y,Jeddah,Bright Academy,2023-08-21
S1060,Nora Alqahtani,M,17,11,2.38,80.0,65.0,60.0,100.0,Good,N,Jeddah,Bright Academy,2022-05-30
S1061,Khalid Alharbi,M,16,12,2.27,80.0,75.0,50.0,96.8,Unknown,Y,Jeddah,Bright Academy,2021-08-02
S1062,Reem Alotaibi,M,16,12,3.08,60.0,75.0,60.0,90.0,Needs Improvement,Y,Jeddah,Bright academy,2023-05-04
S1063,Sara Alshehri,M,18,11,3.03,60.0,65.0,70.0,86.7,bad,N,Jeddah,Bright Academy,2021-03-15
S1064,Nora Alghamdi,F,16,10,3.09,90.0,65.0,60.0,100.0,Excellent,Y,Riyadh,Future School,2022-07-17
S1065,Ahmed Almutairi,F,16,11,3.12,80.0,65.0,50.0,77.8,bad,N,Jeddah,Future School,2022-08-02
S1066,Lama Aldosari,F,17,12,2.89,90.0,85.0,70.0,82.3,Excellent,Y,Riyadh,Bright academy,2022-05-24
S1067,Omar Alsubaie,F,18,11,3.74,80.0,55.0,100.0,88.0,bad,Y,Riyadh,Bright Academy,2021-11-28
S1068,Ali Alharbi,F,15,10,2.2,80.0,85.0,60.0,100.0,bad,Y,Jeddah,Bright Academy,2021-04-03
S1069,Khalid Alharbi,M,16,10,2.59,80.0,75.0,50.0,95.8,Unknown,Y,Riyadh,Bright Academy,2022-11-19
S1070,Nora Alshammari,F,17,11,2.95,90.0,65.0,60.0,82.3,bad,N,Jeddah,Bright academy,2022-10-19
S1071,Khalid Alshehri,F,16,12,2.18,80.0,68.0,68.0,88.9,Excellent,Y,Jeddah,Future School,2022-06-03
S1072,Nora Alshammari,M,18,12,2.91,80.0,65.0,80.0,85.9,bad,Y,Riyadh,Bright academy,2021-09-26
S1073,Lama Alshammari,F,16,12,3.83,60.0,65.0,80.0,84.9,bad,Y,Riyadh,Bright Academy,2022-01-11
S1074,Nora Alotaibi,F,18,12,3.01,70.0,55.0,70.0,100.0,Average,Y,Jeddah,Future  School,2023-04-14
S1075,Faisal Alsubaie,M,15,10,3.12,80.0,75.0,60.0,78.3,Excellent,N,Dammam,Bright academy,2021-01-04
S1076,Ahmed Alqahtani,F,17,11,2.37,70.0,70.0,80.0,100.0,Unknown,Y,Riyadh,Bright Academy,2021-05-18
S1077,Nora Alsubaie,F,17,10,2.69,60.0,75.0,70.0,100.0,Average,N,Jeddah,Bright Academy,2021-08-19
S1078,Ali Alqahtani,M,15,10,2.81,70.0,75.0,80.0,100.0,Unknown,Y,Jeddah,Future  School,2022-08-23
S1079,Lama Alqahtani,M,16,11,2.84,60.0,55.0,70.0,87.4,Average,N,Jeddah,Bright Academy,2022-06-13
S1080,Reem Alshehri,M,15,11,3.64,60.0,65.0,80.0,90.5,Needs Improvement,N,Riyadh,Future School,2021-02-21
S1081,Khalid Alshammari,F,16,10,3.28,70.0,55.0,70.0,77.7,Unknown,Y,Riyadh,Future  School,2022-10-08
S1082,Layla Alsubaie,M,16,12,2.44,90.0,75.0,60.0,86.8,Excellent,N,Jeddah,Future  School,2022-12-24
S1083,Lama Alotaibi,M,17,12,3.12,70.0,85.0,100.0,96.9,Unknown,N,Riyadh,Future School,2021-11-21
S1084,Lama Alqahtani,F,16,10,3.25,60.0,75.0,70.0,100.0,Needs Improvement,N,Jeddah,Future School,2023-09-19
S1085,Reem Alharbi,M,16,11,3.57,60.0,55.0,70.0,80.9,bad,N,Jeddah,Future School,2023-08-28
S1086,Lama Aldosari,M,17,11,3.79,80.0,65.0,50.0,88.3,Unknown,N,Riyadh,Future School,2023-06-24
S1087,Layla Alghamdi,M,15,12,2.49,70.0,75.0,70.0,90.5,Excellent,Y,Riyadh,Future School,2023-01-01
S1088,Reem Alshehri,M,16,12,2.59,80.0,65.0,70.0,78.0,Average,N,Jeddah,Bright academy,2022-12-18
S1089,Reem Alsubaie,M,18,10,2.37,80.0,75.0,50.0,97.9,bad,Y,Jeddah,Future  School,2022-12-24
S1090,Nora Alghamdi,F,17,12,2.88,80.0,75.0,50.0,84.8,Unknown,N,Jeddah,Future  School,2021-10-04
S1091,Ali Aldosari,M,17,10,3.23,70.0,75.0,70.0,90.0,Needs Improvement,Y,Riyadh,Bright academy,2022-06-20
S1092,Lama Alotaibi,M,18,11,3.49,80.0,65.0,80.0,87.5,Excellent,Y,Riyadh,Future School,2022-05-01
S1093,Sara Alzahrani,F,15,11,2.96,70.0,65.0,70.0,84.1,Good,N,Jeddah,Future  School,2022-05-31
S1094,Layla Alqahtani,F,15,10,2.84,90.0,55.0,50.0,91.9,Needs Improvement,N,Jeddah,Bright academy,2021-06-01
S1095,Omar Alharbi,F,16,11,3.08,80.0,65.0,70.0,89.8,Good,N,Riyadh,Future  School,2023-08-13
S1096,Nora Alqahtani,M,17,12,2.58,70.0,65.0,50.0,88.3,bad,Y,Jeddah,Future School,2022-04-28
S1097,Reem Alotaibi,M,15,11,4.04,70.0,75.0,60.0,84.7,Unknown,Y,Riyadh,Future  School,2021-09-16
S1098,Reem Alshammari,F,17,10,2.2,60.0,75.0,50.0,95.2,Excellent,Y,Riyadh,Future School,2021-11-20
S1099,Ahmed Alshehri,F,16,12,3.09,80.0,55.0,50.0,100.0,Excellent,N,Riyadh,Bright Academy,2023-05-19
S1100,Lama Alotaibi,M,18,12,4.01,60.0,65.0,50.0,93.4,Good,N,Jeddah,Future School,2021-06-17
S1101,Omar Alharbi,F,17,10,3.0,80.0,55.0,60.0,100.0,Needs Improvement,Y,Jeddah,Bright Academy,2022-11-19
S1102,Sara Alsubaie,F,15,12,2.9,70.0,55.0,50.0,78.1,bad,N,Jeddah,Future  School,2021-11-06
S1103,Khalid Alotaibi,F,18,12,2.82,80.0,75.0,60.0,93.6,Average,Y,Riyadh,Future School,2023-03-14
S1104,Khalid Almutairi,F,17,10,2.91,80.0,68.0,70.0,81.0,Excellent,N,Riyadh,Bright Academy,2022-04-24
S1105,Lama Alharbi,M,15,12,3.69,80.0,65.0,60.0,77.2,Average,N,Jeddah,Future  School,2021-02-25
S1106,Ali Alzahrani,M,15,12,1.89,80.0,55.0,60.0,84.6,Excellent,N,Dammam,Bright Academy,2022-09-12
S1107,Layla Aldosari,M,16,10,3.77,60.0,85.0,80.0,100.0,Good,N,Jeddah,Bright Academy,2022-04-18
S1108,Ahmed Alqahtani,F,17,11,2.29,60.0,75.0,50.0,100.0,Excellent,N,Riyadh,Bright Academy,2021-10-23
S1109,Ali Alghamdi,M,18,12,2.87,80.0,55.0,70.0,94.4,Excellent,Y,Riyadh,Future School,2022-04-06
S1110,Layla Alshammari,M,18,10,2.79,70.0,65.0,50.0,76.7,Unknown,N,Dammam,Future School,2021-11-20
S1111,Sara Alsubaie,F,17,10,3.29,70.0,75.0,50.0,90.0,Needs Improvement,Y,Dammam,Future  School,2023-03-25
S1112,Omar Alotaibi,F,17,12,2.2,73.0,70.0,70.0,95.0,Average,Y,Dammam,Future School,2023-04-26
S1113,Faisal Alzahrani,M,16,10,3.23,70.0,55.0,70.0,93.8,Needs Improvement,Y,Riyadh,Bright academy,2021-05-21
S1114,Reem Aldosari,M,16,12,4.01,73.0,85.0,80.0,73.6,Excellent,Y,Jeddah,Bright Academy,2022-10-29
S1115,Nora Alzahrani,F,16,10,2.32,90.0,85.0,70.0,83.1,Unknown,N,Dammam,Bright Academy,2021-09-19
S1116,Omar Alshehri,M,17,12,3.09,60.0,85.0,100.0,91.4,bad,Y,Jeddah,Future  School,2023-02-24
S1117,Ahmed Almutairi,F,17,12,2.67,80.0,75.0,68.0,97.4,bad,N,Jeddah,Bright academy,2022-02-24
S1118,Ahmed Alshehri,F,18,11,3.21,73.0,75.0,50.0,70.0,Needs Improvement,Y,Jeddah,Future School,2023-01-14
S1119,Khalid Alshammari,F,16,10,3.01,80.0,65.0,68.0,90.4,Unknown,Y,Jeddah,Future School,2021-08-29
S1120,Khalid Alshammari,F,17,11,2.68,70.0,75.0,50.0,93.4,bad,N,Jeddah,Bright academy,2021-12-21
S1121,Reem Alshammari,M,17,10,3.24,90.0,65.0,70.0,100.0,Unknown,N,Riyadh,Bright Academy,2023-04-29
S1122,Ali Alqahtani,F,17,12,3.9,90.0,75.0,70.0,98.9,bad,Y,Dammam,Bright academy,2023-02-09
S1123,Omar Alotaibi,M,17,12,2.9,70.0,65.0,68.0,97.8,Average,N,Riyadh,Future School,2023-01-31
S1124,Ali Alsubaie,M,16,12,3.36,90.0,75.0,100.0,84.0,bad,Y,Dammam,Bright academy,2022-08-12
S1125,Khalid Alghamdi,M,17,10,2.35,80.0,75.0,80.0,72.9,Good,Y,Riyadh,Future School,2021-06-29
S1126,Omar Almutairi,F,15,11,2.52,80.0,55.0,60.0,88.1,Unknown,N,Jeddah,Bright Academy,2021-03-07
S1127,Reem Alshehri,M,16,11,3.24,80.0,75.0,50.0,100.0,Average,Y,Jeddah,Bright academy,2023-03-31
S1128,Omar Alotaibi,M,16,12,3.74,60.0,65.0,50.0,100.0,Excellent,N,Riyadh,Future School,2021-12-14
S1129,Layla Alshammari,F,17,10,3.18,80.0,75.0,50.0,99.1,Unknown,N,Jeddah,Future School,2021-06-20
S1130,Khalid Almutairi,M,16,12,2.84,60.0,65.0,50.0,96.3,bad,Y,Jeddah,Bright Academy,2022-04-19
S1131,Reem Alshammari,M,17,10,3.0,60.0,65.0,70.0,95.8,Good,Y,Jeddah,Bright Academy,2022-06-18
S1132,Lama Aldosari,M,17,12,2.37,80.0,85.0,50.0,86.4,bad,N,Riyadh,Future  School,2022-01-02
S1133,Reem Alshammari,M,17,11,3.3,70.0,65.0,60.0,90.7,Needs Improvement,N,Riyadh,Bright Academy,2021-04-17
S1134,Khalid Alqahtani,M,17,11,3.44,80.0,75.0,100.0,100.0,Good,Y,Jeddah,Bright academy,2022-03-15
S1135,Layla Almutairi,M,15,12,2.77,80.0,65.0,70.0,82.6,bad,Y,Riyadh,Future School,2023-04-15
S1136,Faisal Alshehri,F,16,12,2.76,90.0,65.0,100.0,100.0,bad,Y,Riyadh,Bright academy,2021-08-15
S1137,Reem Almutairi,M,16,11,3.13,80.0,65.0,50.0,88.8,Average,N,Riyadh,Future  School,2022-03-20
S1138,Omar Almutairi,F,16,10,2.78,60.0,75.0,60.0,100.0,Unknown,Y,Riyadh,Future School,2022-03-18
S1139,Omar Aldosari,F,15,12,2.97,73.0,65.0,70.0,77.9,Average,N,Jeddah,Bright academy,2022-01-31
S1140,Faisal Alshammari,F,15,10,4.05,70.0,68.0,50.0,97.9,Needs Improvement,N,Riyadh,Future School,2022-12-29
S1141,Reem Aldosari,F,16,10,2.88,60.0,65.0,68.0,84.6,bad,N,Riyadh,Bright Academy,2022-08-04
S1142,Khalid Almutairi,M,16,12,2.82,73.0,68.0,70.0,77.8,Excellent,Y,Jeddah,Bright Academy,2021-03-25
S1143,Sara Alotaibi,M,16,12,2.68,70.0,70.0,70.0,94.2,Unknown,N,Dammam,Future  School,2022-09-07
S1144,Omar Alghamdi,F,16,10,3.37,80.0,70.0,60.0,100.0,Average,N,Jeddah,Future School,2022-07-05
S1145,Reem Alotaibi,F,15,11,2.91,80.0,65.0,60.0,83.6,Good,N,Riyadh,Bright Academy,2021-01-13
S1146,Nora Aldosari,M,17,12,2.68,70.0,75.0,60.0,77.0,Excellent,Y,Dammam,Future  School,2023-03-20
S1147,Khalid Almutairi,F,16,12,3.66,80.0,65.0,68.0,91.1,Excellent,N,Riyadh,Future School,2023-04-05
S1148,Khalid Alzahrani,F,16,10,3.71,60.0,75.0,60.0,91.1,Unknown,Y,Riyadh,Future  School,2022-11-24
S1149,Layla Almutairi,M,17,11,2.7,73.0,75.0,50.0,97.5,bad,Y,Jeddah,Future  School,2022-05-08
S1150,Khalid Alshehri,M,15,10,2.07,80.0,85.0,50.0,100.0,Average,Y,Riyadh,Future  School,2021-09-25
S1151,Reem Alghamdi,M,15,10,3.5,80.0,65.0,100.0,91.4,Excellent,N,Jeddah,Bright Academy,2022-06-09
S1152,Ali Alzahrani,M,16,10,2.66,80.0,75.0,70.0,100.0,Good,Y,Jeddah,Bright academy,2021-04-30
S1153,Lama Alshehri,M,15,11,3.4,73.0,65.0,70.0,94.2,Unknown,Y,Jeddah,Bright Academy,2023-08-28
S1154,Ahmed Alharbi,M,15,11,2.01,80.0,70.0,60.0,88.5,Unknown,Y,Riyadh,Bright Academy,2021-12-19
S1155,Sara Almutairi,F,16,12,3.45,80.0,68.0,60.0,75.9,Needs Improvement,N,Dammam,Bright Academy,2021-02-26
S1156,Layla Alqahtani,F,18,11,2.39,80.0,75.0,50.0,89.4,Average,Y,Riyadh,Future School,2021-02-09
S1157,Khalid Alharbi,F,17,10,3.37,80.0,75.0,50.0,88.6,Unknown,N,Jeddah,Future  School,2023-06-05
S1158,Lama Alharbi,F,17,11,3.01,90.0,75.0,50.0,100.0,bad,N,Jeddah,Bright academy,2021-12-02
S1159,Layla Alsubaie,F,16,11,2.52,80.0,55.0,80.0,96.6,bad,N,Riyadh,Bright academy,2022-10-02
S1160,Omar Almutairi,M,16,10,2.8,80.0,85.0,70.0,80.2,bad,Y,Dammam,Future  School,2021-06-22
S1161,Lama Alsubaie,M,16,10,3.34,80.0,55.0,70.0,93.7,Average,Y,Riyadh,Future School,2022-07-01
S1162,Layla Alshammari,F,15,12,3.05,80.0,75.0,60.0,98.7,bad,N,Riyadh,Future School,2021-09-16
S1163,Ali Almutairi,M,17,10,3.29,70.0,55.0,100.0,100.0,bad,N,Riyadh,Future School,2023-06-07
S1164,Khalid Alghamdi,M,15,10,3.99,80.0,65.0,50.0,100.0,Average,N,Dammam,Future  School,2022-06-01
S1165,Faisal Alharbi,M,16,12,2.22,70.0,65.0,60.0,99.6,Unknown,N,Jeddah,Bright Academy,2022-12-31
S1166,Omar Aldosari,F,17,12,3.81,60.0,65.0,60.0,92.6,Good,Y,Riyadh,Bright Academy,2022-06-07
S1167,Ahmed Alshehri,M,18,12,3.05,80.0,55.0,80.0,95.9,Needs Improvement,N,Riyadh,Bright academy,2023-06-13
S1168,Sara Almutairi,M,16,10,2.55,90.0,55.0,100.0,100.0,Good,Y,Dammam,Future School,2023-04-19
S1169,Faisal Alsubaie,F,17,11,2.33,90.0,65.0,50.0,78.7,Excellent,Y,Jeddah,Future School,2021-04-27
S1170,Nora Alharbi,M,16,11,2.91,70.0,75.0,80.0,88.5,Needs Improvement,Y,Riyadh,Bright academy,2021-07-03
S1171,Ali Alqahtani,F,15,11,3.46,70.0,85.0,80.0,84.3,Needs Improvement,Y,Riyadh,Bright Academy,2023-06-25
S1172,Lama Alharbi,F,16,11,2.94,60.0,55.0,50.0,95.8,Unknown,N,Jeddah,Future School,2023-05-24
S1173,Faisal Alsubaie,M,16,10,3.76,80.0,65.0,60.0,100.0,Unknown,N,Riyadh,Future  School,2021-04-26
S1174,Reem Alghamdi,F,16,10,2.27,80.0,55.0,60.0,86.0,Unknown,N,Riyadh,Future School,2021-06-11
S1175,Lama Alshehri,F,16,10,2.99,80.0,68.0,100.0,68.1,Average,Y,Dammam,Future School,2022-08-02
S1176,Ahmed Alzahrani,M,16,10,2.37,80.0,75.0,50.0,87.9,Average,Y,Jeddah,Bright academy,2022-12-13
S1177,Ali Alghamdi,M,17,11,3.18,80.0,75.0,80.0,100.0,Average,N,Jeddah,Future  School,2022-06-27
S1178,Khalid Alotaibi,F,17,12,3.44,80.0,55.0,60.0,97.4,Excellent,N,Jeddah,Bright Academy,2022-08-10
S1179,Layla Alharbi,M,16,12,2.79,60.0,55.0,70.0,96.3,Average,Y,Riyadh,Bright Academy,2021-08-25
S1180,Sara Alqahtani,M,18,12,1.7,70.0,68.0,60.0,89.2,Average,Y,Jeddah,Future School,2023-04-19
S1181,Layla Aldosari,F,16,10,3.1,80.0,75.0,70.0,79.2,Unknown,Y,Riyadh,Future School,2021-03-07
S1182,Nora Alshehri,M,18,11,3.22,80.0,70.0,80.0,97.2,bad,Y,Jeddah,Bright Academy,2021-03-11
S1183,Reem Alotaibi,M,15,12,3.2,70.0,55.0,80.0,83.7,Unknown,Y,Dammam,Future School,2023-03-20
S1184,Ahmed Aldosari,F,17,11,3.62,90.0,55.0,80.0,100.0,bad,Y,Jeddah,Bright Academy,2022-03-23
S1185,Reem Alotaibi,M,15,11,2.46,60.0,85.0,50.0,97.7,Good,Y,Jeddah,Future  School,2022-02-20
S1186,Nora Alshehri,M,16,10,3.34,70.0,85.0,70.0,86.2,Average,Y,Riyadh,Bright Academy,2022-06-16
S1187,Layla Aldosari,F,15,11,3.6,80.0,65.0,50.0,85.9,Needs Improvement,Y,Riyadh,Future  School,2022-03-17
S1188,Khalid Alshehri,M,17,10,2.11,80.0,55.0,60.0,91.1,Unknown,Y,Dammam,Future  School,2023-01-08
S1189,Layla Alzahrani,M,17,10,3.16,80.0,68.0,70.0,89.6,Needs Improvement,N,Jeddah,Bright Academy,2023-08-04
S1190,Faisal Alqahtani,M,15,11,2.75,70.0,75.0,60.0,100.0,Average,Y,Riyadh,Future  School,2022-04-09
S1191,Lama Alharbi,F,16,10,2.96,60.0,65.0,70.0,93.9,Good,N,Jeddah,Bright academy,2023-07-10
S1192,Nora Alqahtani,F,16,11,3.17,80.0,68.0,100.0,84.7,Good,Y,Jeddah,Bright Academy,2022-01-31
S1193,Omar Alsubaie,M,16,11,2.76,80.0,75.0,50.0,100.0,Excellent,Y,Jeddah,Bright Academy,2022-12-12
S1194,Ahmed Alotaibi,F,15,11,2.66,60.0,68.0,70.0,92.5,Needs Improvement,Y,Jeddah,Bright Academy,2022-07-05
S1195,Nora Alqahtani,M,16,12,3.02,80.0,75.0,60.0,99.7,Needs Improvement,N,Riyadh,Future School,2022-10-19
S1196,Layla Alharbi,M,17,12,2.46,70.0,65.0,50.0,85.9,Unknown,Y,Jeddah,Future  School,2022-07-11
S1197,Faisal Alqahtani,F,15,12,2.46,80.0,68.0,50.0,95.6,bad,Y,Dammam,Bright Academy,2022-01-30
S1198,Nora Almutairi,M,15,10,3.34,80.0,75.0,100.0,95.1,Needs Improvement,Y,Jeddah,Bright Academy,2021-11-22
S1199,Reem Alsubaie,M,16,11,2.43,60.0,65.0,80.0,73.1,Excellent,Y,Jeddah,Future School,2023-06-12
S1200,Reem Aldosari,M,16,11,3.33,73.0,70.0,100.0,100.0,bad,Y,Riyadh,Future School,2023-07-08
S1201,Ahmed Alharbi,F,17,11,3.23,80.0,65.0,100.0,100.0,Good,Y,Dammam,Bright academy,2021-04-01
S1202,Lama Aldosari,F,17,10,2.14,80.0,65.0,50.0,88.0,bad,Y,Jeddah,Future  School,2023-01-20
S1203,Faisal Alharbi,M,16,12,2.66,80.0,75.0,60.0,81.0,Excellent,Y,Dammam,Bright Academy,2021-03-11
S1204,Ali Alsubaie,M,17,11,3.6,80.0,65.0,70.0,95.5,Good,N,Jeddah,Bright academy,2021-06-15
S1205,Khalid Alghamdi,F,15,12,2.51,80.0,85.0,60.0,92.9,Needs Improvement,Y,Riyadh,Bright Academy,2022-10-04
S1206,Ahmed Alotaibi,F,17,12,2.77,80.0,65.0,60.0,95.6,Good,N,Riyadh,Bright Academy,2021-08-02
S1207,Ahmed Alqahtani,M,16,12,3.23,70.0,65.0,60.0,93.9,Excellent,Y,Jeddah,Bright academy,2023-05-02
S1208,Layla Alghamdi,F,17,11,3.39,70.0,55.0,70.0,97.1,Excellent,Y,Jeddah,Future  School,2022-08-24
S1209,Khalid Alghamdi,M,18,12,2.87,70.0,65.0,70.0,100.0,Unknown,N,Riyadh,Future School,2021-12-01
S1210,Ali Alzahrani,M,17,10,2.7,60.0,75.0,50.0,97.7,Excellent,Y,Jeddah,Future  School,2023-02-03
S1211,Layla Alharbi,F,15,10,3.71,80.0,75.0,60.0,81.5,Needs Improvement,Y,Riyadh,Bright academy,2022-01-04
S1212,Faisal Alqahtani,M,16,12,3.87,70.0,55.0,70.0,100.0,bad,N,Riyadh,Future  School,2023-05-11
S1213,Omar Alghamdi,M,15,11,3.49,90.0,55.0,70.0,100.0,Excellent,Y,Riyadh,Future School,2022-08-07
S1214,Layla Alharbi,F,17,10,3.04,80.0,75.0,50.0,100.0,Unknown,N,Jeddah,Bright academy,2022-11-08
S1215,Faisal Alzahrani,M,15,11,2.6,80.0,85.0,70.0,80.8,bad,Y,Dammam,Future School,2021-02-18
S1216,Sara Almutairi,F,15,12,2.58,70.0,55.0,68.0,94.4,Needs Improvement,Y,Riyadh,Future  School,2021-02-21
S1217,Layla Alshammari,F,16,10,3.26,60.0,65.0,60.0,71.2,Good,Y,Jeddah,Bright academy,2021-10-16
S1218,Khalid Aldosari,M,16,12,3.21,73.0,65.0,80.0,97.5,bad,N,Riyadh,Future  School,2023-03-01
S1219,Faisal Alqahtani,F,16,10,3.7,70.0,85.0,70.0,86.5,Unknown,Y,Riyadh,Future School,2022-09-18
S1220,Ahmed Aldosari,F,17,12,3.33,60.0,55.0,60.0,100.0,Good,Y,Jeddah,Future  School,2021-08-27
S1221,Layla Alshammari,F,15,10,2.25,80.0,55.0,70.0,84.3,Excellent,Y,Riyadh,Bright Academy,2021-05-13
S1222,Lama Alghamdi,M,15,10,3.53,90.0,75.0,70.0,75.1,Good,Y,Jeddah,Future  School,2023-09-26
S1223,Nora Alshammari,F,17,10,2.5,90.0,55.0,80.0,87.3,Good,Y,Jeddah,Bright academy,2023-02-25
S1224,Lama Alghamdi,F,16,10,2.81,80.0,65.0,70.0,72.2,Good,Y,Dammam,Future School,2021-06-15
S1225,Ahmed Alshammari,M,17,11,3.13,60.0,65.0,70.0,99.5,Needs Improvement,N,Riyadh,Bright academy,2022-01-09
S1226,Layla Alshammari,M,17,12,4.0,90.0,65.0,60.0,71.3,Good,N,Riyadh,Future  School,2022-01-08
S1227,Reem Alshehri,F,18,10,4.55,90.0,65.0,50.0,92.3,bad,N,Riyadh,Bright academy,2023-03-16
S1228,Reem Alsubaie,M,17,11,3.3,60.0,65.0,60.0,71.2,Average,N,Riyadh,Future School,2022-04-23
S1229,Omar Alotaibi,M,16,12,2.91,80.0,55.0,60.0,88.8,Unknown,Y,Dammam,Future School,2023-01-25
S1230,Faisal Alqahtani,M,17,11,3.27,70.0,75.0,70.0,100.0,Unknown,N,Jeddah,Bright academy,2022-04-24
S1231,Lama Alghamdi,F,16,11,3.44,80.0,75.0,70.0,95.6,bad,N,Jeddah,Bright academy,2023-04-12
S1232,Layla Alqahtani,M,16,10,2.84,80.0,75.0,60.0,83.4,Average,Y,Riyadh,Future  School,2022-10-12
S1233,Faisal Almutairi,M,17,10,3.9,73.0,55.0,68.0,91.7,Good,N,Jeddah,Bright academy,2022-08-14
S1234,Khalid Alqahtani,F,16,12,3.12,90.0,55.0,60.0,92.2,Excellent,Y,Jeddah,Bright academy,2022-11-13
S1235,Ali Almutairi,M,17,11,3.25,80.0,65.0,60.0,96.7,Unknown,Y,Riyadh,Future  School,2022-09-27
S1236,Reem Alzahrani,F,18,12,3.33,80.0,65.0,70.0,78.3,Good,Y,Riyadh,Future  School,2022-11-19
S1237,Layla Alqahtani,M,18,12,3.21,70.0,65.0,68.0,97.9,Good,Y,Jeddah,Future  School,2021-10-27
S1238,Lama Alsubaie,F,16,10,3.42,80.0,75.0,70.0,65.0,Needs Improvement,Y,Riyadh,Bright academy,2021-03-23
S1239,Faisal Alghamdi,F,16,10,2.69,60.0,55.0,100.0,85.7,bad,N,Riyadh,Future School,2021-03-28
S1240,Nora Alotaibi,F,16,12,2.72,70.0,68.0,50.0,87.1,Unknown,N,Riyadh,Bright academy,2021-08-13
S1241,Faisal Alharbi,F,17,10,2.45,60.0,65.0,60.0,98.3,Excellent,N,Riyadh,Bright Academy,2021-01-16
S1242,Faisal Alsubaie,M,16,11,3.22,80.0,75.0,50.0,92.2,Unknown,Y,Riyadh,Bright Academy,2023-04-02
S1243,Omar Alsubaie,F,17,11,3.39,80.0,55.0,70.0,77.9,bad,N,Dammam,Future  School,2021-12-24
S1244,Reem Alharbi,F,17,10,3.23,90.0,75.0,70.0,82.2,Average,Y,Jeddah,Bright academy,2021-06-12
S1245,Reem Alzahrani,M,17,11,3.84,90.0,65.0,60.0,94.0,Excellent,N,Jeddah,Bright academy,2022-09-02
S1246,Ahmed Alharbi,M,16,11,3.0,60.0,85.0,70.0,91.2,Excellent,N,Riyadh,Future School,2022-10-30
S1247,Layla Alsubaie,M,15,12,3.33,70.0,85.0,80.0,86.2,Average,N,Dammam,Future  School,2022-05-29
S1248,Lama Alsubaie,M,16,11,2.45,60.0,65.0,50.0,87.2,Needs Improvement,N,Jeddah,Bright academy,2021-12-16
S1249,Khalid Alshammari,M,15,10,2.81,60.0,55.0,68.0,99.0,Average,N,Riyadh,Bright Academy,2023-06-28
S1250,Reem Alghamdi,M,18,12,3.35,60.0,65.0,80.0,86.8,bad,Y,Riyadh,Bright academy,2022-11-12
S1251,Lama Alshammari,F,16,11,3.42,70.0,55.0,70.0,91.1,Unknown,N,Dammam,Future  School,2022-04-09
S1252,Ahmed Almutairi,M,15,10,2.85,70.0,75.0,80.0,100.0,Average,Y,Jeddah,Future School,2023-04-07
S1253,Nora Alshammari,M,15,10,2.96,60.0,75.0,70.0,77.8,Good,Y,Dammam,Bright Academy,2023-04-17
S1254,Nora Alharbi,M,17,11,2.24,60.0,75.0,80.0,73.5,Excellent,Y,Riyadh,Future School,2022-01-10
S1255,Lama Alshehri,M,17,11,2.82,60.0,75.0,60.0,99.8,Needs Improvement,Y,Jeddah,Future  School,2021-04-02
S1256,Reem Alqahtani,F,16,10,3.45,80.0,65.0,70.0,85.2,bad,N,Riyadh,Bright Academy,2021-06-30
S1257,Reem Alharbi,M,15,11,3.29,80.0,55.0,100.0,88.8,bad,Y,Jeddah,Bright academy,2023-01-13
S1258,Reem Alghamdi,M,16,12,3.25,80.0,75.0,70.0,84.2,Average,Y,Jeddah,Future School,2021-10-28
S1259,Lama Alshammari,M,16,11,3.02,70.0,65.0,50.0,89.4,Excellent,Y,Jeddah,Future  School,2022-10-22
S1260,Layla Aldosari,F,17,10,3.0,70.0,75.0,60.0,100.0,Average,N,Riyadh,Future School,2023-03-03
S1261,Ali Alsubaie,M,17,12,2.67,80.0,65.0,50.0,100.0,Good,Y,Dammam,Future  School,2021-07-08
S1262,Lama Alharbi,M,16,11,3.35,70.0,55.0,50.0,100.0,Average,N,Riyadh,Future  School,2023-05-09
S1263,Layla Almutairi,F,16,10,3.21,70.0,70.0,60.0,77.8,Good,N,Riyadh,Future  School,2023-05-12
S1264,Faisal Alshammari,F,16,10,3.25,60.0,55.0,70.0,80.5,Average,N,Jeddah,Future School,2021-11-10
S1265,Sara Aldosari,M,16,12,2.74,60.0,70.0,70.0,63.6,bad,N,Jeddah,Future  School,2022-05-08
S1266,Nora Alghamdi,M,17,11,1.92,70.0,70.0,60.0,83.9,Excellent,N,Jeddah,Future School,2023-07-12
S1267,Nora Alzahrani,M,15,11,3.55,70.0,75.0,70.0,100.0,Excellent,Y,Dammam,Future School,2023-07-11
S1268,Ali Alsubaie,F,16,11,2.76,80.0,75.0,50.0,97.2,Good,N,Riyadh,Future School,2021-05-08
S1269,Khalid Alotaibi,M,15,10,2.57,60.0,75.0,50.0,89.8,Good,N,Riyadh,Bright academy,2022-06-03
S1270,Ali Almutairi,M,17,10,3.35,60.0,85.0,50.0,91.8,Good,Y,Riyadh,Future  School,2022-03-02
S1271,Reem Aldosari,M,16,10,2.8,80.0,65.0,70.0,85.1,bad,N,Riyadh,Bright Academy,2022-07-13
S1272,Nora Almutairi,M,16,11,3.53,60.0,65.0,50.0,94.0,Excellent,Y,Jeddah,Bright academy,2022-07-19
S1273,Reem Alotaibi,M,15,12,3.31,70.0,75.0,60.0,99.7,bad,N,Riyadh,Future School,2021-07-06
S1274,Khalid Alzahrani,M,15,11,3.34,90.0,65.0,60.0,75.8,Unknown,Y,Jeddah,Bright academy,2022-07-04
S1275,Lama Alotaibi,M,16,11,2.32,60.0,65.0,80.0,95.0,Good,N,Riyadh,Future School,2022-03-29
S1276,Ali Alghamdi,F,15,12,3.61,60.0,65.0,68.0,100.0,Excellent,N,Jeddah,Bright Academy,2022-04-16
S1277,Lama Alshehri,M,15,10,3.13,70.0,75.0,70.0,87.8,bad,N,Riyadh,Future  School,2023-09-15
S1278,Sara Alsubaie,M,17,11,2.82,70.0,85.0,70.0,99.0,Unknown,Y,Riyadh,Bright Academy,2023-01-08
S1279,Reem Alghamdi,F,16,10,3.07,80.0,55.0,80.0,100.0,Average,Y,Jeddah,Future  School,2022-07-19
S1280,Sara Almutairi,F,16,12,2.11,80.0,85.0,100.0,91.0,Good,N,Riyadh,Future School,2023-06-30
S1281,Nora Alshehri,M,16,10,3.2,60.0,75.0,68.0,95.9,Needs Improvement,N,Riyadh,Future  School,2021-08-12
S1282,Reem Alshammari,M,15,10,2.49,80.0,75.0,50.0,84.6,Excellent,Y,Riyadh,Future School,2021-06-03
S1283,Lama Alzahrani,F,16,12,2.32,70.0,75.0,80.0,93.8,Needs Improvement,N,Riyadh,Bright Academy,2022-07-14
S1284,Reem Almutairi,F,16,12,2.24,60.0,75.0,60.0,96.6,Good,Y,Jeddah,Bright academy,2021-12-17
S1285,Reem Alshammari,F,18,10,3.56,80.0,68.0,70.0,93.9,Excellent,Y,Riyadh,Bright Academy,2021-05-27
S1286,Nora Aldosari,F,17,10,2.69,70.0,75.0,70.0,81.8,Average,N,Dammam,Future School,2023-06-24
S1287,Layla Alotaibi,F,18,12,3.77,70.0,68.0,70.0,94.1,bad,Y,Jeddah,Bright academy,2022-07-30
S1288,Reem Alshehri,M,16,12,2.73,60.0,85.0,100.0,100.0,Good,Y,Riyadh,Bright academy,2021-12-15
S1289,Lama Alzahrani,F,16,11,2.15,70.0,70.0,100.0,96.5,Excellent,Y,Jeddah,Bright Academy,2021-07-01
S1290,Ali Aldosari,F,16,12,2.44,70.0,65.0,70.0,100.0,Unknown,Y,Riyadh,Bright Academy,2022-09-29
S1291,Ahmed Almutairi,M,16,11,3.62,80.0,55.0,60.0,89.6,Average,N,Dammam,Future  School,2021-06-28
S1292,Nora Alzahrani,M,16,12,2.92,60.0,75.0,80.0,99.5,Average,N,Riyadh,Bright academy,2021-02-08
S1293,Lama Alharbi,M,16,11,2.73,70.0,65.0,68.0,94.8,Average,N,Jeddah,Future School,2023-02-11
S1294,Omar Alharbi,M,17,12,3.08,70.0,85.0,50.0,82.5,Average,N,Riyadh,Bright Academy,2023-06-13
S1295,Lama Alghamdi,M,15,11,3.25,80.0,55.0,80.0,95.2,Unknown,Y,Riyadh,Bright Academy,2021-01-03
S1296,Omar Alshammari,F,17,12,3.56,80.0,55.0,60.0,82.1,Unknown,Y,Jeddah,Future  School,2021-03-05
S1297,Ahmed Alshehri,M,17,12,3.72,80.0,70.0,50.0,85.7,Unknown,N,Jeddah,Bright Academy,2021-01-29
S1298,Omar Alharbi,M,17,12,2.82,80.0,75.0,50.0,93.9,bad,Y,Jeddah,Bright Academy,2022-01-07
S1299,Lama Alghamdi,M,18,10,2.34,90.0,75.0,80.0,95.0,Excellent,Y,Jeddah,Future School,2022-06-07
S1300,Ali Alghamdi,F,16,12,2.79,70.0,65.0,70.0,80.1,Excellent,N,Riyadh,Future School,2021-04-07
S1301,Ahmed Alharbi,M,16,11,3.13,70.0,75.0,70.0,100.0,bad,Y,Jeddah,Bright Academy,2023-05-20
S1302,Faisal Alshehri,M,16,10,2.52,80.0,75.0,50.0,97.7,Average,Y,Jeddah,Bright academy,2022-03-18
S1303,Sara Alharbi,M,15,11,2.52,80.0,75.0,80.0,85.0,bad,Y,Riyadh,Bright Academy,2021-07-22
S1304,Layla Alqahtani,M,15,12,3.17,90.0,75.0,80.0,76.6,Unknown,N,Jeddah,Future School,2022-02-15
S1305,Ahmed Alqahtani,M,16,11,2.98,70.0,75.0,60.0,90.6,Excellent,Y,Jeddah,Bright academy,2023-09-20
S1306,Faisal Alghamdi,M,16,10,3.02,60.0,65.0,60.0,87.5,bad,Y,Riyadh,Bright academy,2021-01-21
S1307,Ali Alqahtani,F,16,11,2.62,70.0,65.0,50.0,93.1,Good,Y,Jeddah,Bright academy,2022-07-05
S1308,Omar Almutairi,M,17,12,2.88,80.0,75.0,100.0,88.4,Excellent,N,Jeddah,Bright Academy,2023-01-05
S1309,Ahmed Alzahrani,M,16,12,2.54,70.0,55.0,70.0,71.9,bad,Y,Riyadh,Future  School,2021-04-12
S1310,Khalid Alshehri,M,17,10,3.45,70.0,75.0,100.0,88.1,Average,Y,Jeddah,Future  School,2021-02-15
S1311,Reem Alshehri,F,15,12,3.52,80.0,55.0,60.0,88.9,Excellent,N,Riyadh,Future  School,2021-03-07
S1312,Omar Alotaibi,M,16,12,2.08,70.0,75.0,80.0,98.3,Needs Improvement,Y,Riyadh,Future School,2022-08-26
S1313,Omar Alghamdi,F,17,11,2.54,90.0,75.0,80.0,85.0,Unknown,Y,Dammam,Future School,2021-06-13
S1314,Ahmed Alotaibi,M,16,10,2.25,70.0,55.0,70.0,100.0,Unknown,N,Dammam,Bright Academy,2023-08-29
S1315,Omar Alqahtani,M,16,10,2.67,70.0,55.0,100.0,72.9,Unknown,N,Riyadh,Bright Academy,2021-04-21
S1316,Ali Alshehri,M,16,12,2.96,70.0,55.0,60.0,100.0,Excellent,N,Jeddah,Bright Academy,2021-12-04
S1317,Khalid Alqahtani,F,18,10,2.28,80.0,75.0,50.0,89.8,Average,Y,Riyadh,Bright Academy,2021-05-03
S1318,Layla Almutairi,F,17,11,2.54,60.0,75.0,70.0,100.0,Needs Improvement,N,Riyadh,Future School,2022-12-06
S1319,Reem Alshammari,M,17,12,2.5,60.0,68.0,70.0,92.8,bad,Y,Jeddah,Bright Academy,2022-03-23
S1320,Khalid Alharbi,F,17,12,3.1,80.0,75.0,70.0,100.0,Excellent,Y,Dammam,Bright academy,2022-09-03
S1321,Omar Alzahrani,F,16,10,3.03,60.0,65.0,50.0,88.1,Average,Y,Jeddah,Future School,2021-10-18
S1322,Ali Alshehri,M,16,11,2.64,80.0,65.0,70.0,81.0,bad,Y,Jeddah,Future  School,2022-11-02
S1323,Faisal Alghamdi,M,15,10,3.09,80.0,85.0,60.0,100.0,Good,N,Riyadh,Bright Academy,2022-02-16
S1324,Omar Alshammari,M,16,10,2.73,70.0,65.0,60.0,90.9,Good,N,Jeddah,Bright academy,2022-09-07
S1325,Ahmed Alotaibi,F,17,10,2.86,80.0,65.0,70.0,94.2,Excellent,Y,Riyadh,Future School,2023-06-16
S1326,Omar Alqahtani,F,16,12,3.84,60.0,68.0,70.0,100.0,bad,N,Riyadh,Bright academy,2021-10-08
S1327,Nora Alghamdi,F,16,10,3.67,80.0,55.0,50.0,81.7,Good,Y,Jeddah,Bright academy,2021-02-12
S1328,Faisal Aldosari,M,16,10,2.35,70.0,65.0,60.0,98.0,Average,N,Jeddah,Bright academy,2022-05-01
S1329,Lama Alzahrani,F,17,12,3.41,80.0,68.0,60.0,86.1,bad,Y,Riyadh,Bright academy,2022-08-19
S1330,Khalid Alotaibi,F,17,10,3.41,60.0,75.0,50.0,90.7,Average,N,Dammam,Future  School,2023-08-21
S1331,Ahmed Alotaibi,F,18,11,2.43,80.0,65.0,80.0,92.7,bad,Y,Jeddah,Bright Academy,2022-12-04
S1332,Reem Alsubaie,M,15,11,3.41,60.0,65.0,100.0,77.0,Needs Improvement,Y,Jeddah,Future  School,2021-02-20
S1333,Khalid Alotaibi,M,17,10,3.77,70.0,55.0,60.0,84.2,bad,Y,Riyadh,Bright academy,2023-06-17
S1334,Layla Almutairi,M,15,10,2.44,60.0,65.0,80.0,100.0,Good,Y,Jeddah,Future School,2021-07-29
S1335,Lama Alsubaie,M,17,10,2.54,60.0,75.0,80.0,100.0,Unknown,N,Riyadh,Bright Academy,2021-05-06
S1336,Reem Alharbi,M,16,12,3.51,80.0,70.0,80.0,91.4,Needs Improvement,Y,Jeddah,Future  School,2022-05-07
S1337,Lama Alotaibi,M,18,10,3.14,70.0,55.0,50.0,94.4,Unknown,N,Jeddah,Bright Academy,2022-05-24
S1338,Reem Almutairi,M,16,10,3.28,90.0,85.0,100.0,89.1,Average,Y,Dammam,Future School,2023-08-18
S1339,Ali Alharbi,F,15,11,3.17,80.0,75.0,60.0,100.0,bad,N,Dammam,Future  School,2023-08-28
S1340,Layla Alotaibi,F,16,10,3.2,80.0,75.0,60.0,90.0,Average,N,Jeddah,Bright academy,2022-08-04
S1341,Lama Alqahtani,M,16,10,2.34,60.0,65.0,50.0,94.3,Excellent,Y,Jeddah,Future  School,2023-02-16
S1342,Omar Almutairi,M,16,11,3.52,70.0,55.0,60.0,100.0,bad,Y,Jeddah,Bright academy,2021-09-15
S1343,Layla Aldosari,M,18,11,3.58,80.0,55.0,50.0,84.2,Needs Improvement,N,Riyadh,Bright academy,2023-07-19
S1344,Faisal Almutairi,F,17,10,2.89,70.0,75.0,50.0,100.0,Average,Y,Jeddah,Bright Academy,2021-07-07
S1345,Faisal Alotaibi,F,16,11,2.98,60.0,65.0,60.0,76.7,Average,N,Riyadh,Bright Academy,2021-08-18
S1346,Khalid Aldosari,M,16,11,2.23,80.0,85.0,80.0,100.0,Unknown,Y,Riyadh,Bright Academy,2021-07-08
S1347,Reem Alzahrani,F,16,12,3.26,80.0,65.0,80.0,88.3,Excellent,Y,Jeddah,Bright Academy,2022-02-19
S1348,Reem Alshammari,F,17,12,3.29,80.0,55.0,60.0,89.6,bad,Y,Dammam,Bright academy,2021-01-10
S1349,Lama Alshammari,M,16,11,2.97,60.0,75.0,80.0,73.1,Average,N,Riyadh,Bright Academy,2021-04-24
S1350,Faisal Alzahrani,F,17,11,3.56,80.0,65.0,80.0,87.5,Good,Y,Dammam,Future  School,2021-03-17
S1351,Omar Alghamdi,F,16,11,2.83,60.0,65.0,80.0,81.6,Average,N,Riyadh,Future  School,2022-11-07
S1352,Layla Alqahtani,M,17,12,3.28,60.0,75.0,50.0,85.9,Average,N,Jeddah,Bright Academy,2022-05-17
S1353,Sara Alotaibi,M,18,10,2.49,90.0,85.0,70.0,90.6,Excellent,N,Riyadh,Bright academy,2021-03-26
S1354,Ahmed Alshehri,F,16,12,2.99,60.0,75.0,100.0,100.0,Excellent,N,Jeddah,Bright academy,2021-02-18
S1355,Ali Aldosari,F,16,10,2.91,70.0,75.0,70.0,94.1,Good,N,Dammam,Future School,2022-05-10
S1356,Nora Alshehri,F,18,10,3.11,73.0,75.0,60.0,95.1,Average,Y,Dammam,Bright Academy,2023-04-18
S1357,Nora Alqahtani,M,17,12,2.82,90.0,85.0,70.0,81.0,Average,N,Jeddah,Future School,2022-11-20
S1358,Faisal Alzahrani,F,17,10,2.93,80.0,65.0,70.0,83.2,Unknown,Y,Jeddah,Bright Academy,2022-01-22
S1359,Khalid Alharbi,F,16,10,3.41,80.0,68.0,70.0,100.0,Excellent,Y,Jeddah,Bright academy,2023-08-28
S1360,Nora Alsubaie,F,16,11,2.78,80.0,65.0,50.0,84.6,Good,N,Riyadh,Bright academy,2022-01-24
S1361,Reem Alshammari,M,15,12,2.2,60.0,55.0,60.0,100.0,Unknown,N,Jeddah,Future  School,2021-08-06
S1362,Reem Alghamdi,M,18,12,3.87,70.0,75.0,80.0,89.6,bad,Y,Riyadh,Bright Academy,2022-12-02
S1363,Omar Alshehri,M,16,11,3.69,70.0,75.0,80.0,92.0,Excellent,Y,Dammam,Future  School,2023-09-08
S1364,Layla Alshehri,M,18,10,2.35,60.0,75.0,50.0,100.0,Excellent,Y,Jeddah,Bright academy,2021-12-12
S1365,Nora Almutairi,M,18,11,3.34,70.0,68.0,100.0,100.0,bad,Y,Riyadh,Bright academy,2021-08-18
S1366,Faisal Alsubaie,F,15,11,2.75,90.0,75.0,60.0,90.9,Excellent,Y,Riyadh,Bright Academy,2021-09-12
S1367,Faisal Alqahtani,M,18,11,3.13,73.0,65.0,70.0,88.1,Average,N,Dammam,Bright academy,2021-08-24
S1368,Reem Alharbi,M,16,12,3.15,70.0,75.0,80.0,91.4,Good,Y,Riyadh,Bright academy,2021-01-26
S1369,Layla Almutairi,M,17,11,2.88,60.0,75.0,80.0,95.4,bad,Y,Riyadh,Future School,2022-08-07
S1370,Nora Alotaibi,F,17,10,2.61,60.0,65.0,100.0,100.0,Unknown,Y,Riyadh,Bright Academy,2021-09-18
S1371,Nora Aldosari,M,16,12,2.65,90.0,55.0,60.0,92.0,Excellent,Y,Jeddah,Future  School,2023-02-05
S1372,Reem Alharbi,F,15,12,2.54,70.0,55.0,80.0,98.2,Needs Improvement,N,Jeddah,Bright Academy,2021-09-28
S1373,Khalid Alshammari,F,16,10,2.58,70.0,75.0,50.0,100.0,Unknown,N,Dammam,Future  School,2021-05-03
S1374,Layla Almutairi,M,17,11,2.97,80.0,85.0,70.0,95.8,Unknown,N,Riyadh,Future  School,2022-10-18
S1375,Faisal Alshehri,M,17,10,2.64,60.0,75.0,70.0,95.1,Good,Y,Jeddah,Bright academy,2021-09-14
S1376,Ahmed Alghamdi,M,17,11,3.34,70.0,55.0,70.0,76.8,Average,Y,Dammam,Bright academy,2022-10-18
S1377,Sara Alotaibi,F,15,10,3.74,70.0,65.0,60.0,65.7,Needs Improvement,N,Riyadh,Bright Academy,2022-02-25
S1378,Nora Almutairi,M,16,12,2.71,80.0,75.0,80.0,95.9,Good,N,Riyadh,Bright Academy,2021-09-16
S1379,Ali Alharbi,F,16,12,3.12,80.0,75.0,50.0,91.1,Unknown,N,Riyadh,Bright Academy,2023-08-06
S1380,Reem Alsubaie,M,18,11,3.25,80.0,55.0,50.0,86.9,Average,Y,Jeddah,Bright Academy,2021-02-16
S1381,Ali Alzahrani,F,16,10,3.24,70.0,68.0,70.0,94.4,Unknown,Y,Jeddah,Future School,2023-05-13
S1382,Omar Alzahrani,M,16,12,3.04,80.0,75.0,60.0,91.4,Good,Y,Jeddah,Future  School,2022-06-09
S1383,Omar Alghamdi,F,16,10,3.37,60.0,65.0,80.0,100.0,Good,N,Riyadh,Bright Academy,2023-06-07
S1384,Layla Alshehri,M,15,12,3.24,73.0,65.0,60.0,92.9,Needs Improvement,Y,Riyadh,Bright academy,2021-07-27
S1385,Layla Alshehri,F,16,10,2.38,60.0,68.0,50.0,84.5,Needs Improvement,N,Riyadh,Future  School,2021-11-07
S1386,Faisal Alghamdi,M,17,11,3.43,70.0,65.0,80.0,100.0,bad,Y,Jeddah,Bright academy,2023-01-17
S1387,Faisal Alzahrani,M,18,11,3.44,70.0,85.0,70.0,89.8,Unknown,N,Riyadh,Future  School,2021-05-29
S1388,Lama Alshehri,F,16,10,2.62,80.0,70.0,50.0,97.3,Unknown,Y,Jeddah,Future School,2023-04-14
S1389,Lama Alshehri,M,15,10,3.02,90.0,75.0,70.0,87.2,bad,Y,Jeddah,Bright academy,2022-03-14
S1390,Omar Almutairi,F,17,10,3.34,70.0,65.0,70.0,85.5,Average,Y,Riyadh,Bright Academy,2021-06-04
S1391,Layla Alshammari,F,18,12,2.9,70.0,55.0,70.0,92.8,Unknown,N,Riyadh,Future  School,2022-11-09
S1392,Ali Alsubaie,F,17,11,3.54,60.0,65.0,60.0,92.1,Needs Improvement,N,Riyadh,Bright Academy,2021-03-31
S1393,Ali Alghamdi,F,15,11,4.18,73.0,65.0,80.0,96.8,bad,Y,Riyadh,Future  School,2022-11-29
S1394,Ali Alzahrani,M,17,10,2.61,80.0,75.0,80.0,89.3,bad,N,Riyadh,Future School,2023-04-10
S1395,Layla Almutairi,M,17,12,2.31,70.0,65.0,70.0,73.6,Needs Improvement,Y,Dammam,Future School,2021-12-24
S1396,Layla Alqahtani,F,17,10,3.15,80.0,55.0,50.0,87.7,Unknown,Y,Jeddah,Future School,2021-06-23
S1397,Khalid Alghamdi,M,17,11,3.36,60.0,55.0,80.0,99.9,Needs Improvement,Y,Jeddah,Future  School,2021-08-05
S1398,Sara Alzahrani,M,18,10,2.88,73.0,65.0,70.0,89.0,Unknown,Y,Dammam,Future School,2023-06-26
S1399,Sara Alharbi,M,17,11,3.73,70.0,55.0,70.0,89.5,Needs Improvement,N,Jeddah,Bright academy,2022-04-01
S1400,Sara Alsubaie,M,15,10,2.33,60.0,55.0,60.0,100.0,Excellent,N,Jeddah,Future School,2023-02-15
S1401,Omar Alotaibi,F,16,11,3.35,73.0,70.0,80.0,84.9,Excellent,N,Riyadh,Future  School,2022-09-01
S1402,Ali Almutairi,M,15,12,2.7,80.0,65.0,70.0,76.6,Unknown,N,Jeddah,Bright academy,2022-09-21
S1403,Faisal Alqahtani,F,16,11,3.86,60.0,65.0,50.0,90.4,Needs Improvement,N,Jeddah,Future School,2021-07-18
S1404,Sara Alshammari,F,16,12,4.0,80.0,85.0,60.0,87.2,Good,Y,Riyadh,Future  School,2023-04-12
S1405,Lama Alsubaie,M,15,12,2.62,70.0,70.0,80.0,82.3,bad,Y,Riyadh,Future  School,2022-05-01
S1406,Layla Alshammari,F,16,10,2.73,60.0,75.0,68.0,90.2,Average,N,Jeddah,Bright academy,2022-06-17
S1407,Ali Alotaibi,M,15,10,3.43,70.0,75.0,100.0,96.9,Average,N,Riyadh,Bright academy,2021-07-19
S1408,Nora Alshammari,F,18,12,2.81,80.0,65.0,70.0,91.9,Needs Improvement,Y,Jeddah,Future  School,2022-01-06
S1409,Lama Almutairi,F,16,11,2.98,70.0,65.0,70.0,95.1,Excellent,Y,Riyadh,Future  School,2023-08-17
S1410,Omar Alotaibi,M,15,12,3.01,80.0,65.0,60.0,100.0,Good,N,Dammam,Future  School,2023-05-03
S1411,Ahmed Almutairi,M,16,10,2.04,60.0,75.0,50.0,88.6,Good,N,Jeddah,Bright academy,2022-03-24
S1412,Sara Aldosari,F,17,10,2.99,80.0,75.0,100.0,94.8,Needs Improvement,Y,Jeddah,Future School,2021-09-05
S1413,Nora Alsubaie,M,16,11,2.66,60.0,65.0,60.0,86.9,Unknown,Y,Jeddah,Future School,2023-02-27
S1414,Nora Alotaibi,M,15,11,2.75,80.0,55.0,80.0,83.5,Good,N,Riyadh,Future School,2021-09-21
S1415,Omar Alsubaie,F,17,10,3.72,80.0,75.0,60.0,86.2,Good,N,Jeddah,Bright academy,2021-02-27
S1416,Lama Alshammari,M,17,10,2.37,90.0,55.0,50.0,87.2,Good,Y,Dammam,Bright Academy,2021-10-29
S1417,Ahmed Alghamdi,F,17,11,3.41,70.0,75.0,68.0,95.6,Good,N,Riyadh,Bright academy,2021-01-31
S1418,Khalid Alshammari,F,15,12,2.86,60.0,75.0,70.0,100.0,Unknown,Y,Jeddah,Future School,2022-05-13
S1419,Ahmed Alsubaie,M,15,10,2.86,73.0,75.0,100.0,84.8,Average,N,Dammam,Bright academy,2021-09-06
S1420,Nora Alharbi,F,16,12,3.4,80.0,75.0,60.0,87.8,Average,Y,Riyadh,Future School,2022-08-28
S1421,Ahmed Aldosari,F,16,11,3.17,70.0,85.0,60.0,91.4,Needs Improvement,N,Jeddah,Bright academy,2023-02-16
S1422,Omar Almutairi,M,16,11,3.29,80.0,65.0,60.0,96.0,Unknown,N,Riyadh,Future  School,2021-09-28
S1423,Lama Almutairi,M,16,12,3.48,60.0,75.0,70.0,94.6,Average,Y,Riyadh,Future  School,2022-08-29
S1424,Nora Alzahrani,M,18,10,2.83,70.0,75.0,60.0,100.0,bad,N,Riyadh,Future  School,2022-10-28
S1425,Khalid Alsubaie,M,16,11,2.69,73.0,55.0,80.0,67.7,Good,N,Jeddah,Future School,2022-01-29
S1426,Ahmed Alghamdi,F,16,11,2.46,80.0,68.0,70.0,68.1,Good,Y,Dammam,Future School,2023-03-08
S1427,Ahmed Alharbi,M,16,10,2.59,80.0,65.0,70.0,87.0,Unknown,N,Jeddah,Future School,2022-05-17
S1428,Faisal Alshehri,M,16,12,4.47,90.0,65.0,50.0,100.0,Average,N,Jeddah,Bright academy,2022-08-15
S1429,Nora Aldosari,M,16,10,3.62,70.0,75.0,100.0,76.3,bad,N,Riyadh,Bright academy,2023-03-15
S1430,Khalid Alshammari,F,16,12,2.32,80.0,75.0,50.0,61.9,bad,Y,Riyadh,Future School,2021-03-25
S1431,Ahmed Alshammari,F,17,12,2.34,80.0,55.0,50.0,97.7,Excellent,Y,Dammam,Future  School,2021-12-31
S1432,Faisal Alsubaie,F,16,10,3.24,70.0,55.0,70.0,94.4,Excellent,Y,Riyadh,Bright Academy,2023-06-05
S1433,Sara Alshammari,M,17,11,3.27,80.0,70.0,70.0,81.1,Good,N,Dammam,Bright academy,2022-07-03
S1434,Faisal Alotaibi,F,16,10,3.27,90.0,55.0,60.0,82.1,Unknown,N,Jeddah,Future  School,2021-12-08
S1435,Omar Almutairi,F,17,11,2.87,90.0,65.0,60.0,82.3,Excellent,N,Riyadh,Future  School,2023-04-19
S1436,Khalid Alshammari,M,15,10,2.94,80.0,75.0,80.0,93.1,Unknown,Y,Riyadh,Future School,2022-02-11
S1437,Layla Alotaibi,M,18,12,3.16,70.0,65.0,50.0,85.7,Good,N,Riyadh,Future  School,2022-03-01
S1438,Nora Alshammari,F,17,10,3.04,70.0,55.0,80.0,96.9,Needs Improvement,N,Jeddah,Bright academy,2023-01-14
S1439,Faisal Alshehri,F,16,10,1.89,80.0,55.0,70.0,63.5,Good,N,Riyadh,Bright academy,2021-04-03
S1440,Khalid Alshammari,F,17,10,2.89,73.0,55.0,60.0,83.4,bad,Y,Riyadh,Future  School,2023-04-28
S1441,Ali Alghamdi,M,17,10,2.57,80.0,75.0,60.0,80.7,bad,N,Riyadh,Future School,2022-09-06
S1442,Khalid Alharbi,F,15,10,3.09,80.0,65.0,60.0,89.4,Unknown,N,Jeddah,Bright academy,2022-02-16
S1443,Layla Alshammari,F,17,12,4.49,80.0,55.0,80.0,86.6,Excellent,Y,Dammam,Future  School,2022-03-08
S1444,Khalid Alzahrani,M,16,11,3.18,80.0,75.0,70.0,100.0,Excellent,N,Jeddah,Future School,2022-11-09
S1445,Faisal Almutairi,F,17,11,2.84,70.0,75.0,60.0,73.4,Needs Improvement,N,Riyadh,Bright Academy,2021-06-08
S1446,Faisal Almutairi,F,18,10,3.46,70.0,68.0,70.0,92.5,Average,Y,Jeddah,Bright academy,2021-01-14
S1447,Khalid Aldosari,F,18,12,3.24,60.0,65.0,100.0,97.6,Unknown,N,Riyadh,Future School,2022-01-08
S1448,Reem Alshammari,F,17,12,3.21,70.0,75.0,60.0,100.0,Good,N,Jeddah,Future School,2021-08-13
S1449,Lama Alshammari,M,17,12,3.3,70.0,65.0,100.0,87.2,Unknown,N,Riyadh,Future  School,2022-05-20
S1450,Lama Alshammari,F,15,11,4.03,70.0,65.0,60.0,95.2,Excellent,N,Riyadh,Future School,2021-03-14
S1451,Faisal Alharbi,F,17,11,2.43,80.0,75.0,50.0,74.0,Average,Y,Riyadh,Future School,2021-09-06
S1452,Reem Alshammari,F,16,12,3.24,90.0,85.0,50.0,68.1,Unknown,N,Riyadh,Bright academy,2022-05-26
S1453,Omar Alghamdi,M,16,10,2.54,60.0,75.0,60.0,100.0,bad,Y,Jeddah,Bright academy,2022-08-26
S1454,Faisal Alqahtani,M,16,10,3.28,70.0,75.0,50.0,91.9,Average,Y,Jeddah,Bright Academy,2021-08-04
S1455,Nora Alshehri,F,15,10,2.54,90.0,75.0,68.0,100.0,Needs Improvement,Y,Jeddah,Future  School,2023-08-31
S1456,Lama Aldosari,F,17,12,2.79,60.0,65.0,100.0,78.3,Unknown,Y,Riyadh,Future School,2022-08-25
S1457,Faisal Alshehri,M,15,11,2.85,60.0,75.0,80.0,97.2,bad,Y,Riyadh,Bright academy,2022-06-25
S1458,Khalid Alotaibi,F,17,10,3.49,60.0,65.0,70.0,100.0,Good,N,Dammam,Future  School,2023-08-05
S1459,Ahmed Almutairi,M,16,10,3.46,80.0,55.0,50.0,96.2,bad,Y,Dammam,Bright Academy,2023-03-28
S1460,Layla Alghamdi,M,15,12,2.38,60.0,75.0,50.0,94.8,Excellent,Y,Jeddah,Bright academy,2023-07-28
S1461,Layla Alshammari,M,17,10,3.03,80.0,75.0,50.0,92.1,Good,N,Riyadh,Future School,2023-09-15
S1462,Faisal Alharbi,F,15,12,2.65,70.0,65.0,70.0,76.3,Excellent,N,Riyadh,Bright Academy,2021-08-08
S1463,Layla Alghamdi,F,16,12,2.37,70.0,85.0,100.0,100.0,Needs Improvement,Y,Jeddah,Future  School,2023-04-20
S1464,Sara Alotaibi,M,17,11,2.89,60.0,68.0,60.0,85.9,Good,Y,Jeddah,Bright Academy,2022-12-28
S1465,Sara Alghamdi,M,15,12,2.85,70.0,65.0,50.0,97.0,Average,Y,Jeddah,Future  School,2021-08-09
S1466,Faisal Almutairi,M,18,11,4.21,80.0,55.0,70.0,76.4,Average,N,Riyadh,Bright academy,2022-01-24
S1467,Ahmed Aldosari,F,15,11,3.22,80.0,75.0,60.0,80.2,Average,Y,Jeddah,Bright academy,2022-07-08
S1468,Khalid Alsubaie,F,16,12,2.31,80.0,75.0,60.0,100.0,Unknown,N,Jeddah,Future School,2022-10-09
S1469,Lama Alzahrani,F,17,10,2.72,80.0,65.0,70.0,88.5,bad,N,Riyadh,Bright academy,2021-02-11
S1470,Sara Alzahrani,M,16,12,3.51,90.0,75.0,70.0,100.0,Average,N,Riyadh,Bright Academy,2022-11-07
S1471,Faisal Alotaibi,M,15,12,4.04,80.0,65.0,50.0,91.2,Good,N,Riyadh,Future School,2023-05-23
S1472,Omar Alshammari,F,16,11,2.21,80.0,75.0,68.0,73.6,Excellent,N,Riyadh,Bright academy,2021-10-10
S1473,Khalid Alshehri,F,16,10,2.06,60.0,65.0,100.0,100.0,Average,Y,Riyadh,Bright academy,2021-02-27
S1474,Ali Alshehri,M,18,11,3.94,73.0,65.0,50.0,86.1,Needs Improvement,Y,Jeddah,Bright Academy,2023-03-25
S1475,Reem Alharbi,M,16,10,3.19,60.0,85.0,50.0,99.0,Unknown,N,Jeddah,Future School,2023-04-14
S1476,Sara Alotaibi,F,17,10,2.57,80.0,65.0,50.0,92.3,bad,Y,Riyadh,Future  School,2022-06-21
S1477,Omar Aldosari,M,18,10,3.27,70.0,55.0,68.0,76.6,bad,N,Dammam,Future  School,2021-03-14
S1478,Lama Alqahtani,F,16,12,1.68,70.0,75.0,60.0,93.6,bad,Y,Riyadh,Bright Academy,2023-06-04
S1479,Omar Alshehri,M,16,10,3.0,90.0,70.0,80.0,100.0,Good,N,Jeddah,Future  School,2023-07-12
S1480,Omar Alotaibi,F,16,10,3.16,90.0,65.0,60.0,96.9,Needs Improvement,Y,Jeddah,Future  School,2021-05-09
S1481,Ali Alharbi,F,16,11,3.46,90.0,55.0,60.0,91.4,Average,N,Jeddah,Bright academy,2022-08-22
S1482,Lama Alqahtani,M,15,12,2.49,70.0,65.0,70.0,100.0,Unknown,N,Jeddah,Bright Academy,2023-04-22
S1483,Ahmed Alqahtani,F,17,11,3.04,80.0,65.0,70.0,94.1,Good,N,Riyadh,Bright academy,2022-03-02
S1484,Sara Alshammari,F,16,10,2.54,70.0,55.0,80.0,94.1,Average,N,Jeddah,Future School,2023-08-06
S1485,Faisal Alzahrani,F,16,10,3.13,60.0,75.0,80.0,81.1,Unknown,Y,Jeddah,Bright Academy,2022-10-27
S1486,Ahmed Almutairi,F,17,10,2.55,60.0,70.0,68.0,94.3,Excellent,Y,Riyadh,Bright academy,2022-11-25
S1487,Ahmed Alshammari,F,17,12,2.8,70.0,65.0,80.0,100.0,Good,N,Jeddah,Bright Academy,2021-05-05
S1488,Omar Aldosari,F,15,12,2.5,70.0,65.0,60.0,83.6,Unknown,Y,Riyadh,Future School,2021-03-08
S1489,Reem Alharbi,F,15,11,3.33,80.0,65.0,100.0,100.0,Unknown,Y,Riyadh,Bright academy,2021-01-06
S1490,Layla Alshammari,M,17,10,3.43,60.0,55.0,60.0,91.1,Unknown,Y,Jeddah,Bright academy,2022-09-29
S1491,Lama Alzahrani,M,17,10,2.88,80.0,85.0,100.0,83.1,Excellent,Y,Jeddah,Future School,2021-11-10
S1492,Ali Alotaibi,M,16,10,3.02,70.0,65.0,80.0,100.0,Needs Improvement,Y,Riyadh,Future School,2021-11-22
S1493,Khalid Almutairi,F,17,10,2.28,70.0,65.0,50.0,89.1,bad,N,Jeddah,Future School,2022-07-19
S1494,Lama Alotaibi,F,16,12,2.85,70.0,75.0,70.0,99.6,Needs Improvement,Y,Jeddah,Bright Academy,2022-08-01
S1495,Faisal Alharbi,F,17,11,2.97,70.0,65.0,100.0,89.1,bad,N,Riyadh,Future School,2023-04-06
S1496,Sara Almutairi,F,16,10,4.31,80.0,75.0,80.0,91.4,bad,N,Dammam,Future School,2022-05-21
S1497,Khalid Alshammari,F,15,11,2.44,70.0,55.0,50.0,96.9,Average,Y,Jeddah,Bright Academy,2021-03-23
S1498,Omar Alsubaie,F,17,12,3.73,60.0,75.0,70.0,94.9,Average,Y,Riyadh,Future School,2022-08-22
S1499,Sara Alotaibi,F,17,11,3.5,60.0,85.0,60.0,72.0,Average,Y,Riyadh,Bright Academy,2021-01-02
S1281,Nora Alghamdi,M,16,10,3.2,60.0,75.0,68.0,95.9,Needs Improvement,N,Riyadh,Future  School,2021-08-12
S1087,Faisal Alotaibi,M,15,12,2.49,70.0,75.0,70.0,90.5,Excellent,Y,Riyadh,Future School,2023-01-01
S1222,Nora Alqahtani,M,15,10,3.53,90.0,75.0,70.0,75.1,Good,Y,Jeddah,Future  School,2023-09-26
S1009,Khalid Aldosari,M,18,11,2.93,80.0,85.0,60.0,79.7,Needs Improvement,Y,Jeddah,Bright Academy,2022-04-08
S1318,Ali Alotaibi,F,17,11,2.54,60.0,75.0,70.0,100.0,Needs Improvement,N,Riyadh,Future School,2022-12-06
S1456,Layla Alharbi,F,17,12,2.79,60.0,65.0,100.0,78.3,Unknown,Y,Riyadh,Future School,2022-08-25
S1365,Reem Alharbi,M,18,11,3.34,70.0,68.0,100.0,100.0,bad,Y,Riyadh,Bright academy,2021-08-18
S1003,Ali Alzahrani,M,16,11,3.3,70.0,75.0,60.0,87.0,Unknown,Y,Riyadh,Future School,2023-03-27
S1413,Layla Alghamdi,M,16,11,2.66,60.0,65.0,60.0,86.9,Unknown,Y,Jeddah,Future School,2023-02-27
S1377,Ali Alsubaie,F,15,10,3.74,70.0,65.0,60.0,65.7,Needs Improvement,N,Riyadh,Bright Academy,2022-02-25
